expid, time,best bid,best offer, type, balance, number of traders, profit per trader, type, balance, number of traders, profit per trader, type, balance, number of traders, profit per trader, type, balance, number of traders, profit per trader, type, balance, number of traders, profit per trader, type, balance, number of traders, profit per trader, best bid, best offer, 
0, 003600, 36, 37, GVWY, 15383, 10, 1538.300000, PRSH, 411, 10, 41.100000, SHVR, 25401, 10, 2540.100000, ZIC, 4104, 10, 410.400000, ZIP, 16678, 10, 1667.800000, 36, 37, 
1, 003600, 34, 38, GVWY, 13365, 10, 1336.500000, PRSH, 10356, 10, 1035.600000, SHVR, 25845, 10, 2584.500000, ZIC, 2785, 10, 278.500000, ZIP, 15472, 10, 1547.200000, 34, 38, 
2, 003600, 33, 35, GVWY, 14076, 10, 1407.600000, PRSH, 3373, 10, 337.300000, SHVR, 17799, 10, 1779.900000, ZIC, 7353, 10, 735.300000, ZIP, 27297, 10, 2729.700000, 33, 35, 
3, 003600, 35, 40, GVWY, 7420, 10, 742.000000, PRSH, 1718, 10, 171.800000, SHVR, 20379, 10, 2037.900000, ZIC, 12582, 10, 1258.200000, ZIP, 15724, 10, 1572.400000, 35, 40, 
